UniqueID;fundamental_advice;fund_advice_nrscore;uncle_stock_score;growth_score;value_score;greenblatt_score;piotroski_score;levermann_score;predictability_score;price_iv_buffett;iv_price_buf;rev_price;PL12M
1;3;3;0,65;0,72;0,56;0,5;7,45;4,68;0,34;9,16;9,16;0,2602;-0,2018
2;5;5;0,78;0,68;0,65;0,3;7,67;7,75;0,35;;;1,54;0,2757
3;4;4;0,69;0,56;0,6;0,54;8,44;-3,51;0,27;2,7;2,7;7,27;-0,1526
4;3;3;0,66;0,68;0,53;0,21;7,61;4,63;0,41;1,1;1,1;0,1517;0,3262
5;4;4;0,74;0,57;0,64;1;9,44;2,52;0,42;0,87;0,87;2,54;0,6686
6;3;3;0,63;0,66;0,54;0,49;8,46;4,7;0,34;4,91;4,91;0,357;0,3894
7;4;4;0,75;0,63;0,67;0,49;7,43;6,56;0,37;;;1,29;1,0023
8;4;4;0,74;0,55;0,62;0,73;5,4;7,61;0,34;0,53;0,53;1,86;1,5251
9;5;5;0,78;0,7;0,65;0,8;5,39;6,55;0,33;0,59;0,59;1,48;0,347
10;4;4;0,66;0,49;0,61;0,2;9,51;3,62;0,36;0,86;0,86;2,26;-0,1851
11;4;4;0,74;0,62;0,64;1,19;5,44;7,65;0,31;;;0,792;1,5397
12;3;3;0,62;0,59;0,56;0,45;7,42;4,62;0,35;2,95;2,95;1,14;-0,0761
13;5;5;0,77;0,75;0,65;1,19;9,59;6,81;0,34;1,94;1,94;0,598;0,1971
14;4;4;0,74;0,63;0,61;0,99;9,58;7,77;0,27;0,44;0,44;1,97;0,188
15;4;4;0,7;0,58;0,6;0,4;8,49;6,63;0,25;0,46;0,46;4,24;0,9179
16;4;4;0,66;0,54;0,59;0,5;9,5;7,6;0,28;3,51;3,51;0,821;0,1386
17;4;4;0,72;0,6;0,64;1,71;8,77;6,82;0,22;4,42;4,42;1,21;2,5894
18;4;4;0,69;0,61;0,6;0,5;9,52;2,61;0,31;1,03;1,03;2,21;0,6065
19;4;4;0,72;0,49;0,62;0,61;9,51;3,68;0,21;0,66;0,66;2,01;0,363
20;4;4;0,73;0,59;0,64;0,82;7,43;4,57;0,4;0,46;0,46;3,18;0,6694
21;4;4;0,72;0,55;0,58;0,45;9,51;6,64;0,34;0,89;0,89;3,28;0,0678
22;4;4;0,65;0,62;0,53;1,04;7,47;5,59;0,33;12,38;12,38;5,09;0,888
23;4;4;0,74;0,66;0,59;0,59;7,5;4,67;0,65;2,27;2,27;12,16;-0,1081
24;5;5;0,82;0,67;0,57;0,32;5,36;2,54;0,85;0,54;0,54;0,7484;0,2094
25;2;2;0,6;0,46;0,52;0,44;9,69;6,69;0,24;1,88;1,88;0,3598;0,1582
26;4;4;0,7;0,6;0,6;0,44;9,48;4,59;0,55;1,53;1,53;1,65;0,2725
27;4;4;0,74;0,62;0,59;0,52;8,47;6,63;0,38;0,48;0,48;0,9255;0,8737
28;4;4;0,64;0,64;0,44;0,34;7,55;2,66;0,65;0,83;0,83;0,7264;0,1613
29;4;4;0,67;0,71;0,53;0,23;7,38;0,74;0,75;472,07;472,07;0,1189;-0,0306
30;4;4;0,78;0,84;0,49;0,76;7,39;4,66;0,84;1,23;1,23;0,2904;0,1502
31;4;4;0,7;0,65;0,63;0,4;3,42;6,57;0,39;0,26;0,26;0,6966;0,2843
32;4;4;0,65;0,54;0,52;0,41;7,38;7,62;0,3;0,6;0,6;1,15;0,0463
33;5;5;0,87;0,56;0,8;1,13;5,48;0,5;0,61;0,88;0,88;0,3464;-0,0427
34;5;5;0,86;0,81;0,72;0,66;4,39;0,45;0,73;0,56;0,56;2,45;-0,017
35;5;5;0,82;0,75;0,71;1,13;5,47;1,47;0,34;0,32;0,32;1,68;-0,3118
36;2;2;0,61;0,69;0,52;0,62;8,43;4,68;0,43;;;0,0908;0,1579
37;5;5;0,83;0,74;0,7;0,67;6,43;4,56;0,69;0,027;0,027;1,08;-0,2494
38;2;2;0,4;0,5;0,44;0,52;9,47;3,59;0,45;16,51;16,51;0,631;0,3769
39;4;4;0,66;0,58;0,57;0,23;9,47;3,53;0,37;1,75;1,75;0,7144;0,5826
40;5;5;0,76;0,61;0,59;0,57;6,48;3,59;0,83;1,42;1,42;0,4016;-0,0626
41;5;5;0,77;0,75;0,59;0,69;7,54;6,74;0,69;1,11;1,11;0,4821;0,0423
42;5;5;0,82;0,58;0,6;0,66;6,52;5,58;0,61;0,13;0,13;0,2733;0,0317
43;4;4;0,68;0,65;0,59;0,45;8,57;3,78;0,57;44,12;44,12;0,5013;-0,4118
44;5;5;0,88;0,81;0,66;0,99;3,4;8,71;0,67;0,26;0,26;1,44;-0,2661
45;5;5;0,75;0,76;0,59;1,08;7,63;8,81;0,28;0,88;0,88;0,7114;0,3131
46;5;5;0,81;0,59;0,62;0,18;9,85;-1,62;0,45;0,0012;0,0012;0,2062;-0,1175
47;5;5;0,8;0,78;0,61;0,93;6,44;2,59;0,94;0,38;0,38;0,2341;-0,1182
48;3;3;0,7;0,71;0,55;0,55;9,48;4,54;0,25;3,83;3,83;1,03;0,3247
49;5;5;0,79;0,67;0,62;0,98;9,53;8,67;0,4;0,15;0,15;4,2;0,4025
50;3;3;0,59;0,59;0,48;0,47;7,5;1,67;0,34;;;2,21;0,781
51;4;4;0,62;0,58;0,51;0,52;7,51;3,69;0,34;3,59;3,59;4,45;0,7913
52;4;4;0,65;0,58;0,48;0,53;8,5;5,68;0,72;6,1;6,1;0,2772;-0,1075
53;5;5;0,77;0,75;0,59;0,59;7,44;3,57;0,39;0,29;0,29;1,12;0,2854
54;5;5;0,83;0,7;0,79;-1,15;6,46;-6,34;0,74;0,38;0,38;0,7447;-0,0352
55;4;4;0,66;0,6;0,5;1,3;9,45;7,59;0,3;0,51;0,51;2,07;0,5627
56;4;4;0,73;0,72;0,57;0,5;6,38;7,68;0,38;0,54;0,54;0,4738;-0,6355
57;5;5;0,83;0,75;0,64;0,63;6,44;1,51;0,77;0,37;0,37;0,9737;-0,2054
58;5;5;0,84;0,62;0,56;1,61;6,47;2,71;0,34;7,73;7,73;2;0,1158
59;4;4;0,66;0,57;0,5;0,19;8,61;-2,66;0,57;1,14;1,14;0,3133;-0,2059
60;3;3;0,73;0,67;0,56;0,44;9,56;4,6;0,36;0,92;0,92;0,5126;0,1766
61;5;5;0,8;0,66;0,78;1,13;7,51;6,61;0,58;1,11;1,11;0,8924;1,1457
62;3;3;0,64;0,67;0,51;0,43;9,44;4,6;0,81;5,83;5,83;0,5086;0,0315
63;5;5;0,84;0,62;0,68;0,25;4,35;0,46;0,45;0,36;0,36;1,82;1,6359
64;4;4;0,75;0,74;0,51;1,02;9,46;6,65;0,77;2,65;2,65;0,8119;-0,4558
65;2;2;0,55;0,64;0,46;0,34;9,56;3,63;0,58;6,96;6,96;0,2301;0,2227
66;4;4;0,72;0,6;0,48;0,1;7,63;-2,46;0,64;3,71;3,71;1,25;-0,2427
67;3;3;0,63;0,59;0,53;0,28;7,44;2,7;0,46;4,38;4,38;0,5228;-0,3599
68;5;5;0,79;0,69;0,67;0,56;9,51;2,64;0,63;0,019;0,019;0,4726;-0,1598
69;2;2;0,47;0,49;0,47;0,35;9,51;2,65;0,27;3,86;3,86;1,81;0,0972
70;4;4;0,67;0,6;0,58;0,74;9,56;6,72;0,55;2,3;2,3;0,3446;-0,0309
71;4;4;0,63;0,59;0,55;1,06;9,48;5,69;0,27;;;1,02;-0,0449
72;4;4;0,65;0,58;0,57;0,43;9,57;1,67;0,55;3,21;3,21;2,08;0,5064
73;5;5;0,84;0,65;0,66;1,1;7,54;8,8;0,4;0,4;0,4;9,71;0,32
74;3;3;0,72;0,64;0,55;0,98;7,4;6,62;0,26;1,04;1,04;1,04;0,345
75;5;5;0,88;0,83;0,58;0,72;4,54;6,65;0,63;4,94;4,94;0,8672;-0,3405
76;4;4;0,72;0,64;0,58;0,57;9,45;8,57;0,36;0,55;0,55;1,7;0,3504
77;4;4;0,66;0,56;0,49;0,11;9,61;0,65;0,47;3,36;3,36;2,02;0,2323
78;4;4;0,7;0,68;0,58;0,39;6,38;7,68;0,37;0,2;0,2;0,3448;0,2694
79;4;4;0,67;0,64;0,58;0,46;5,39;6,62;0,42;2,09;2,09;2,69;0,2069
80;4;4;0,63;0,52;0,53;0,4;9,56;4,7;0,52;1,87;1,87;0,2923;0,1417
81;5;5;0,78;0,68;0,64;0,45;7,43;6,61;0,81;0,4;0,4;0,4912;0,1145
82;5;5;0,84;0,68;0,84;1,15;4,51;3,66;0,75;0,68;0,68;4,14;0,3517
83;5;5;0,78;0,63;0,54;0,92;7,42;-1,56;0,71;1,32;1,32;0,2159;0,6111
84;3;3;0,66;0,65;0,51;0,53;7,41;4,64;0,48;8,53;8,53;0,336;0,0332
85;4;4;0,7;0,71;0,57;0,34;9,57;3,6;0,65;0,69;0,69;0,3668;0,096
86;4;4;0,73;0,63;0,54;0,31;9,49;4,58;0,66;0,45;0,45;0,6149;0,1516
87;5;5;0,82;0,73;0,55;0,6;7,43;3,64;0,65;0,45;0,45;0,2533;0,1848
88;5;5;0,85;0,62;0,62;0,6;6,48;3,55;0,57;0,55;0,55;2,45;0,4352
89;5;5;0,79;0,63;0,64;0,53;8,59;5,71;0,67;0,63;0,63;1,55;0,5176
90;4;4;0,78;0,78;0,54;0,87;7,43;4,63;0,65;1,05;1,05;0,1238;-0,0635
91;4;4;0,73;0,65;0,55;0,42;6,43;6,58;0,34;0,36;0,36;2,01;0,1721
92;4;4;0,74;0,62;0,56;0,47;7,42;1,52;0,77;0,55;0,55;7,38;-0,0299
93;3;3;0,64;0,58;0,56;-0,18;9,5;1,51;0,48;6,8;6,8;2,01;0,3958
94;4;4;0,67;0,59;0,46;-0,08;8,67;-3,36;0,59;0,1;0,1;0,4908;0,1719
95;4;4;0,71;0,76;0,53;0,84;7,66;1,75;0,4;39,77;39,77;0,2401;-0,1044
96;4;4;0,73;0,71;0,58;0,6;9,48;1,57;0,7;1,33;1,33;0,4823;0,1145
97;5;5;0,83;0,7;0,6;0,47;7,46;1,54;0,63;1,59;1,59;5,77;-0,4128
98;5;5;0,87;0,62;0,71;0,7;7,52;6,69;0,84;0,13;0,13;22,24;-0,0307
99;5;5;0,82;0,74;0,64;1;7,42;8,55;0,4;0,81;0,81;1,09;0,0393
100;3;3;0,58;0,55;0,43;0,09;9,52;2,63;0,3;0,38;0,38;0,353;-0,0027
101;3;3;0,62;0,63;0,51;0,53;9,43;3,58;0,83;2,51;2,51;0,7647;0,1773
102;5;5;0,87;0,8;0,7;1,47;2,24;2,56;0,82;0,2;0,2;0,63;-0,0812
103;3;3;0,62;0,64;0,51;0,4;8,5;3,72;0,5;5,29;5,29;0,8158;-0,0916
104;4;4;0,67;0,58;0,53;0,37;8,77;1,72;0,34;3,39;3,39;0,1575;-0,049
105;5;5;0,76;0,7;0,66;0,94;7,57;8,89;0,27;0,96;0,96;0,3475;-0,1295
106;5;5;0,8;0,7;0,57;0,4;7,4;4,52;0,61;1,2;1,2;1,21;0,6448
107;4;4;0,71;0,61;0,63;0,59;7,35;8,63;0,31;4,55;4,55;0,4992;-0,3078
108;4;4;0,76;0,67;0,55;0,37;8,49;0,58;0,72;1,82;1,82;0,4006;-0,1119
109;5;5;0,84;0,74;0,56;0,9;6,45;7,58;0,81;0,91;0,91;1,03;0,2947
110;4;4;0,69;0,58;0,61;0,44;8,61;3,69;0,61;1,06;1,06;1,78;0,1779
111;4;4;0,75;0,66;0,57;0,39;7,42;3,54;0,68;2,42;2,42;0,8283;0,4431
112;4;4;0,75;0,6;0,56;0,37;9,46;0,53;0,59;0,73;0,73;1,19;0,137
113;5;5;0,89;0,75;0,81;1,19;8,55;7,72;0,7;0,071;0,071;2,41;0,4207
158;5;5;0,77;0,54;0,59;0,29;7,48;7,65;0,29;0,28;0,28;0,1312;0,2349
159;4;4;0,73;0,64;0,57;0,48;9,57;4,7;0,7;0,87;0,87;0,9863;1,2797
160;4;4;0,66;0,53;0,5;0,43;8,69;3,7;0,68;55,29;55,29;0,5362;0,2653
161;5;5;0,79;0,71;0,66;0,73;7,59;8,87;0,77;2,1;2,1;2,03;0,2007
162;3;3;0,71;0,6;0,57;0,33;9,5;1,59;0,67;1,68;1,68;1,14;-0,0422
163;5;5;0,79;0,59;0,69;0,93;4,54;7,84;0,39;0,038;0,038;34,93;-0,0998
164;4;4;0,73;0,65;0,57;0,44;7,5;7,66;0,73;1,36;1,36;2,57;0,011
165;4;4;0,68;0,61;0,55;0,61;7,46;3,64;0,78;2,02;2,02;1,25;0,7038
166;5;5;0,79;0,66;0,72;1,4;8,59;7,73;0,37;1,91;1,91;4,03;0,2899
167;3;3;0,65;0,55;0,54;0,54;9,62;1,66;0,71;2,3;2,3;2,23;0,9747
168;4;4;0,73;0,59;0,62;0,55;6,44;5,62;0,67;0,67;0,67;0,6097;-0,131
169;3;3;0,68;0,69;0,52;0,42;9,64;3,68;0,75;4,05;4,05;0,9285;-0,2492
170;4;4;0,66;0,55;0,52;0,39;7,52;0,66;0,61;1,91;1,91;1,86;-0,2172
171;4;4;0,7;0,66;0,52;0,44;9,45;-1,56;0,81;1,52;1,52;1,07;0,25
172;4;4;0,68;0,71;0,53;0,7;9,46;0,58;0,78;1,43;1,43;0,7391;0,1346
173;5;5;0,77;0,55;0,55;0,39;5,34;6,58;0,52;2,16;2,16;0,2125;-0,13
174;5;5;0,77;0,71;0,62;0,86;7,43;6,64;0,69;0,31;0,31;0,7866;0,1053
175;3;3;0,64;0,58;0,5;0,34;8,45;-1,63;0,75;1,71;1,71;0,5636;-0,16
176;4;4;0,61;0,58;0,45;0,66;9,51;4,6;0,64;52,43;52,43;2,35;1,928
177;4;4;0,76;0,73;0,58;0,53;8,46;-1,53;0,64;2,86;2,86;2,69;0,0516
178;4;4;0,75;0,62;0,64;0,98;6,42;5,59;0,78;1,28;1,28;0,9628;0,3926
179;3;3;0,74;0,87;0,55;0,35;7,49;4,68;0,75;4,17;4,17;3,62;-0,4089
180;3;3;0,67;0,58;0,54;0,33;9,53;2,65;0,28;2,83;2,83;4,21;0,149
181;3;3;0,64;0,58;0,51;0,66;7,45;-3,5;0,32;2,99;2,99;0,9918;0,3155
182;5;5;0,78;0,63;0,67;0,62;6,41;1,63;0,36;0,28;0,28;5,5;0,0688
183;5;5;0,8;0,58;0,81;1,58;8,52;6,66;0,53;0,62;0,62;0,8193;0,0481
184;5;5;0,85;0,72;0,81;1,73;7,54;3,58;0,58;1,03;1,03;2,97;0,4901
185;2;2;0,5;0,45;0,46;0,34;9,51;-3,59;0,5;5,49;5,49;2,79;0,3444
186;4;4;0,84;0,6;0,6;0,48;5,43;1,54;0,65;0,54;0,54;0,7223;-0,3503
187;2;2;0,59;0,62;0,5;0,32;9,56;-1,66;0,73;6,6;6,6;0,2577;0,5117
188;4;4;0,76;0,65;0,64;0,9;9,51;2,56;0,67;2,05;2,05;2,18;0,0367
189;3;3;0,72;0,52;0,52;0,38;9,51;-1,64;0,58;1,38;1,38;1,6;0,5831
190;4;4;0,72;0,66;0,57;1,32;9,56;1,74;0,72;4,62;4,62;0,2156;-0,0346
191;4;4;0,73;0,58;0,65;0,66;7,48;8,64;0,75;1,51;1,51;1,56;-0,2378
192;3;3;0,69;0,59;0,55;0,48;9,47;2,57;0,75;1,08;1,08;2,48;0,3134
193;2;2;0,53;0,44;0,55;0,24;9,55;-1,59;0,69;0,67;0,67;10,22;0,0938
194;4;4;0,66;0,59;0,5;0,28;9,49;2,59;0,73;3,7;3,7;1,06;0,1457
195;4;4;0,73;0,65;0,61;0,69;9,48;-1,57;0,71;1,43;1,43;2,11;0,1881
196;4;4;0,63;0,61;0,45;0,62;7,48;2,68;0,64;7,29;7,29;1,23;-0,0713
197;4;4;0,61;0,6;0,5;0,59;5,41;-2,51;0,39;1,86;1,86;2,62;-0,0084
198;3;3;0,67;0,71;0,5;0,4;7,58;3,68;0,71;2,96;2,96;0,1189;0,0017
199;3;3;0,67;0,79;0,51;0,38;7,46;4,64;0,77;2,81;2,81;0,3533;0,5948
200;4;4;0,69;0,68;0,56;0,34;9,46;0,57;0,78;1,12;1,12;1,56;0,3165
201;5;5;0,86;0,84;0,61;0,61;6,72;1,49;0,44;0,78;0,78;0,4687;-0,0214
202;4;4;0,8;0,68;0,63;0,28;9,53;4,78;0,71;0,72;0,72;0,2748;0,0501
203;4;4;0,73;0,65;0,57;0,59;9,48;6,64;0,7;0,68;0,68;1,91;1,6004
204;3;3;0,7;0,83;0,49;0,37;8,43;0,55;0,71;13,86;13,86;2,07;0,0605
205;3;3;0,56;0,64;0,47;0,4;9,59;6,77;0,58;10,48;10,48;0,2397;-0,1793
206;5;5;0,82;0,74;0,64;0,55;4,45;6,64;0,67;0,35;0,35;0,9311;1,4397
207;5;5;0,81;0,71;0,65;0,74;6,48;8,72;0,66;0,03;0,03;1,05;1,032
208;4;4;0,83;0,67;0,75;1,1;3,47;-1,58;0,29;0,081;0,081;1,05;0,0204
209;4;4;0,64;0,64;0,51;0,68;5,43;2,62;0,32;2,29;2,29;0,5467;0,6931
210;5;5;0,88;0,73;0,75;1,13;2,45;1,49;0,74;0,6;0,6;0,2772;-0,1134
211;4;4;0,67;0,58;0,52;0,31;8,46;-3,65;0,62;4,7;4,7;2,12;1,5126
212;3;3;0,47;0,55;0,46;0,15;9,55;2,65;0,66;2,24;2,24;0,3193;-0,2813
213;5;5;0,84;0,65;0,7;1,13;7,54;-1,6;0,58;0,95;0,95;0,5359;0,2236
214;3;3;0,61;0,66;0,53;0,59;8,47;6,7;0,71;1,43;1,43;3,12;0,8256
215;5;5;0,87;0,6;0,89;1,12;4,45;2,69;0,63;0,02;0,02;34,08;0,0872
216;5;5;0,87;0,78;0,64;0,79;5,38;8,67;0,74;0,073;0,073;4,03;-0,0727
217;4;4;0,83;0,7;0,75;1,13;5,46;-4,45;0,45;1,08;1,08;0,2463;0,0238
218;3;3;0,66;0,77;0,44;0,56;7,41;1,6;0,65;1,93;1,93;0,1102;-0,0704
219;3;3;0,75;0,65;0,52;1,09;8,74;3,83;0,61;0,54;0,54;0,2126;0,3869
220;3;3;0,65;0,65;0,52;1,09;8,74;3,84;0,61;0,57;0,57;0,2115;0,4339
221;5;5;0,79;0,8;0,63;0,58;7,52;9,65;0,66;0,16;0,16;0,8141;2,7397
222;5;5;0,85;0,66;0,83;1,07;5,46;-2,49;0,71;0,64;0,64;0,7438;0,1507
223;2;2;0,51;0,59;0,44;0,29;9,53;5,75;0,45;19,69;19,69;0,8751;0,0597
224;5;5;0,82;0,66;0,68;0,76;7,51;1,6;0,73;0,16;0,16;2;-0,2121
225;5;5;0,76;0,7;0,6;0,48;6,46;6,63;0,42;0,32;0,32;1,41;0,8806
226;4;4;0,79;0,68;0,56;0,47;7,41;0,58;0,75;0,64;0,64;0,2425;-0,1401
227;4;4;0,65;0,61;0,6;0,49;9,53;7,72;0,73;12,61;12,61;0,9069;-0,0293
228;5;5;0,85;0,76;0,56;1,14;5,5;7,7;0,84;0,31;0,31;1,67;-0,2535
229;4;4;0,66;0,58;0,5;0,21;9,52;-3,65;0,52;1,69;1,69;0,984;0,0996
230;3;3;0,65;0,64;0,5;0,3;9,47;3,6;0,76;2,08;2,08;0,5775;1,5875
231;4;4;0,74;0,78;0,55;0,8;7,47;1,64;0,52;2,59;2,59;1,07;0,3684
232;3;3;0,63;0,67;0,51;0,45;7,48;2,65;0,74;0,93;0,93;0,5845;-0,248
233;3;3;0,71;0,8;0,51;0,49;8,47;4,67;0,62;0,86;0,86;0,2306;0,5395
234;4;4;0,66;0,64;0,51;1;7,46;6,63;0,68;5,92;5,92;3,18;1,2925
235;4;4;0,76;0,64;0,68;0,75;7,49;0,48;0,67;0,8;0,8;2,41;0,4476
236;4;4;0,73;0,76;0,54;0,64;9,53;7,72;0,68;0,97;0,97;1,01;0,2082
237;3;3;0,61;0,62;0,52;0,34;9,51;1,68;0,67;5,23;5,23;0,6477;0,5342
238;5;5;0,82;0,73;0,7;0,64;9,56;3,56;0,68;0,33;0,33;1,34;0,0095
239;5;5;0,85;0,7;0,75;1,13;6,48;3,52;0,66;1,02;1,02;0,3054;0,1422
240;4;4;0,81;0,82;0,49;0,79;8,49;7,69;0,6;1,75;1,75;0,3191;1,5983
241;4;4;0,75;0,66;0,58;0,38;7,41;-2,56;0,57;1,81;1,81;0,4099;-0,0667
242;2;2;0,58;0,53;0,5;0,73;5,39;4,62;0,76;5,73;5,73;0,1147;0,207
243;4;4;0,86;0,56;0,77;-0,65;7,46;-4,4;0,36;1,14;1,14;1,4;-0,3654
244;2;2;0,59;0,4;0,46;0,45;6,44;3,5;0,73;10,43;10,43;0,3425;-0,0489
245;4;4;0,74;0,67;0,57;0,68;8,48;2,57;0,79;2,11;2,11;0,9501;-0,0132
246;5;5;0,81;0,6;0,73;-0,41;4,62;-4,3;0,57;0,81;0,81;0,0005;-0,326
247;2;2;0,57;0,62;0,46;0,4;7,41;1,55;0,58;103,78;103,78;1,26;0,4051
248;3;3;0,67;0,63;0,49;0,24;9,49;3,65;0,66;1,59;1,59;0,1683;-0,0926
249;3;3;0,64;0,57;0,42;0,86;9,54;-3,48;0,23;6,23;6,23;0,1817;0,1004
250;4;4;0,66;0,59;0,52;0,35;9,44;2,54;0,51;1,58;1,58;1,71;0,1548
251;4;4;0,73;0,63;0,61;0,57;6,45;7,62;0,67;0,59;0,59;1,12;1,8309
252;4;4;0,71;0,58;0,51;0,44;9,6;3,72;0,59;1,22;1,22;1,45;0,0659
253;4;4;0,64;0,54;0,5;0,24;9,5;-2,6;0,55;1,74;1,74;0,78;-0,1307
254;5;5;0,77;0,68;0,68;0,53;7,47;3,64;0,61;0,64;0,64;1,14;0,1889
255;4;4;0,73;0,65;0,56;0,39;8,7;6,6;0,33;0,72;0,72;1,17;0,0233
256;2;2;0,49;0,57;0,4;0,24;9,5;2,55;0,64;449,63;449,63;0,4117;0,391
257;4;4;0,65;0,62;0,51;0,22;9,58;-3,6;0,75;1,35;1,35;1,65;-0,1678
258;4;4;0,87;0,89;0,77;1,13;4,42;-5,41;0,26;0,83;0,83;0,1977;0,1871
259;4;4;0,78;0,78;0,52;0,36;7,41;-3,49;0,7;1,57;1,57;0,9584;-0,2721
260;4;4;0,81;0,87;0,55;0,57;7,43;5,68;0,73;2,24;2,24;0,1561;0,2705
261;5;5;0,85;0,64;0,68;0,76;7,54;7,71;0,84;0,085;0,085;23,12;0,6346
262;5;5;0,76;0,64;0,64;0,87;4,42;7,61;0,65;1,14;1,14;1;0,4297
263;4;4;0,82;0,72;0,65;0,71;6,46;2,53;0,63;0,079;0,079;1,73;0,4319
264;5;5;0,84;0,78;0,73;0,47;2,37;-5,44;0,65;0,18;0,18;0,7841;0,3289
265;4;4;0,66;0,65;0,53;0,33;9,46;4,59;0,68;1,81;1,81;0,7809;-0,0147
266;4;4;0,75;0,6;0,49;0,35;7,51;1,56;0,34;1,49;1,49;0,2064;-0,3794
267;4;4;0,77;0,69;0,52;0,4;8,42;3,56;0,65;2,12;2,12;0,6015;0,4234
268;5;5;0,83;0,75;0,54;0,86;6,47;5,62;0,87;1,12;1,12;0,6936;0,4749
269;5;5;0,77;0,83;0,57;0,59;7,49;3,66;0,65;0,34;0,34;0,6406;1,015
270;4;4;0,76;0,6;0,56;0,42;7,43;0,54;0,52;0,95;0,95;0,6608;-0,0467
271;4;4;0,66;0,63;0,49;0,85;9,47;2,6;0,76;1,27;1,27;0,4878;0,1652
272;3;3;0,67;0,73;0,52;0,41;8,49;4,62;0,78;1,34;1,34;0,4727;0,8641
273;5;5;0,77;0,49;0,63;0,96;7,44;0,52;0,86;0,24;0,24;0,8161;0,157
274;4;4;0,84;0,56;0,82;0,9;5,42;3,68;0,71;0,067;0,067;13,45;0,0363
275;3;3;0,73;0,7;0,51;0,52;8,43;0,55;0,68;0,82;0,82;0,3387;-0,1109
326;1;4;0,71;0,56;0,6;0,02;6,3;6,67;0,31;0,46;0,46;0,0043;-0,112751895
327;1;4;0,73;0,56;0,72;0,52;8,83;0,54;0,47;2936;2936;4,72;0,028632025
328;1;4;0,73;0,66;0,61;0,1;9,54;0,68;0,63;0,21;0,21;0,8152;-0,330383481
329;1;4;0,66;0,5;0,57;0,33;9,53;0,69;0,62;0,87;0,87;3,73;-0,154746424
330;1;4;0,65;0,56;0,55;0,3;9,48;2,62;0,73;11,4;11,4;1,09;0,291970803
331;1;4;0,73;0,6;0,64;0,62;7,46;1,53;0,47;1,71;1,71;0,8742;0,096618357
332;1;4;0,72;0,59;0,62;0,55;7,53;6,71;0,47;2,6;2,6;4,07;-0,079685746
333;3;5;0,77;0,67;0,46;1,3;7,38;1,63;0,67;0,043;0,043;1,07;0,084
334;1;4;0,69;0,5;0,6;0,32;9,46;4,62;0,47;0,8;0,8;0,53;0,085399449
335;1;4;0,74;0,61;0,65;0,55;5,42;7,57;0,54;1,84;1,84;2,41;-0,36622807
336;1;4;0,74;0,59;0,65;0,42;7,49;6,6;0,69;0,71;0,71;1,06;-0,074840764
337;1;4;0,7;0,57;0,63;0,7;9,48;6,59;0,66;1,63;1,63;2,56;0,134615385
338;1;4;0,74;0,56;0,67;0,52;7,51;2,6;0,51;0,53;0,53;4,4;0,474389283
339;-1;2;0,59;0,58;0,55;0,39;9,6;-1,56;0,75;1,38;1,38;0,0502;-0,047276853
340;1;4;0,74;0,6;0,63;0,45;7,49;3,6;0,55;0,46;0,46;0,6496;-0,215827338
341;1;4;0,66;0,59;0,54;0,53;9,55;4,58;0,72;2,91;2,91;5,76;-0,179987413
342;3;5;0,82;0,83;0,63;1,4;6,6;6,66;0,69;0,44;0,44;0,5239;-0,325531915
343;0;3;0,66;0,55;0,57;0,37;9,5;6,65;0,68;1,26;1,26;2,11;-0,219471947
344;1;4;0,64;0,64;0,52;0,71;9,53;6,73;0,65;28,72;28,72;0,8635;0,034928849
345;0;3;0,69;0,62;0,61;0,41;9,48;4,64;0,63;1,55;1,55;0,6369;0,0375
346;-1;2;0,37;0,52;0,45;-0,09;9,51;0,5;0,47;5,35;5,35;0,5507;-0,082579186
347;3;5;0,76;0,65;0,57;0,39;8,44;6,59;0,8;0,51;0,51;0,4954;-0,260507881
348;-1;2;0,6;0,54;0,53;0,35;7,4;-1,54;0,71;0,49;0,49;2,44;-0,396987628
349;1;4;0,73;0,55;0,59;0,89;7,44;5,52;0,7;0,58;0,58;6,77;2,444305382
350;0;3;0,68;0,56;0,63;0,37;9,46;-1,57;0,44;2,04;2,04;1,11;-0,123232323
351;1;4;0,75;0,64;0,69;0,95;7,49;6,67;0,6;1,98;1,98;1,87;-0,037990196
352;1;4;0,62;0,53;0,55;0,37;9,54;2,65;0,75;1,7;1,7;2,35;-0,208666667
353;1;4;0,75;0,6;0,68;0,74;7,44;-1,51;0,45;1,61;1,61;1,98;-0,188289676
354;1;4;0,71;0,59;0,61;0,7;7,43;6,63;0,61;0,99;0,99;0,5786;0,330718954
355;0;3;0,69;0,54;0,57;0,39;9,5;2,63;0,49;3;3;0,251;-0,111364816
356;0;3;0,68;0,61;0,6;0,29;8,47;1,71;0,52;2,04;2,04;0,7679;0,26286117
357;1;4;0,73;0,56;0,67;1,2;7,41;0,55;0,45;1,14;1,14;1,23;0,060011217
358;-1;2;0,6;0,47;0,55;0,28;9,5;1,56;0,56;1,3;1,3;0,3881;-0,084617153
359;1;4;0,69;0,66;0,57;0,63;9,49;-1,53;0,65;2,69;2,69;1,64;0,440035273
360;1;4;0,75;0,69;0,63;1,24;8,44;4,61;0,7;1,21;1,21;1,02;0,524017467
361;0;3;0,67;0,63;0,55;0,42;8,43;4,59;0,77;2,77;2,77;1,04;0,466969046
362;-1;2;0,57;0,58;0,57;0,53;9,57;2,5;0,69;1,42;1,42;3,41;-0,573637129
363;0;3;0,72;0,65;0,53;0,3;8,53;6,72;0,56;1,58;1,58;0,2533;0,112947658
364;0;3;0,63;0,74;0,52;0,41;7,55;4,66;0,81;5,51;5,51;0,1369;0,146582587
365;1;4;0,61;0,54;0,52;0,31;9,49;-2,61;0,56;1,92;1,92;1,4;-0,03026458
366;1;4;0,72;0,52;0,59;0,61;9,51;2,49;0,59;1,29;1,29;1,53;0,053674496
367;0;3;0,69;0,65;0,59;0,43;8,48;6,61;;3,87;3,87;1;0,02425016
368;-1;2;0,59;0,67;0,47;0,36;9,54;4,7;0,66;6,8;6,8;0,8221;-0,457667956
369;-1;2;0,6;0,58;0,47;0,28;8,46;3,6;0,68;6,03;6,03;0,2198;-0,12771738
370;3;5;0,83;0,69;0,62;0,53;7,36;4,58;0,88;0,22;0,22;0,9424;-0,651510619
371;3;5;0,84;0,71;0,56;1;6,48;3,57;0,88;10,51;10,51;4,93;0,876456876
372;1;4;0,74;0,63;0,58;0,12;6,58;6,78;0,48;;;0,8104;0,618012422
373;1;4;0,73;0,51;0,59;0,57;8,48;5,64;0,58;1,68;1,68;1,08;0,167692083
374;1;4;0,87;0,64;0,79;1,13;7,49;2,51;0,65;1,07;1,07;0,2902;-0,064775336
375;0;3;0,61;0,73;0,49;0,38;7,49;4,74;0,42;5,21;5,21;0,1643;-0,193370166
376;3;5;0,77;0,73;0,63;0,5;3,41;8,67;0,76;0,1;0,1;0,4658;0,127097882
377;3;5;0,83;0,63;0,77;1,09;4,5;1,59;0,63;0,13;0,13;0,8945;-0,113003769
378;3;5;0,86;0,65;0,8;1,13;3,3;0,47;0,67;0,61;0,61;0,3146;-0,10780792
379;1;4;0,74;0,69;0,61;1,17;6,54;7,77;0,39;1,38;1,38;0,2313;0,067049779
380;3;5;0,86;0,59;0,86;1,13;4,51;2,69;0,76;0,00023;0,00023;405,3;-0,016906921
381;3;5;0,83;0,61;0,77;1,13;6,48;0,5;0,65;1,01;1,01;0,2914;0,086826282
382;0;3;0,68;0,73;0,59;1,3;5,39;8,8;0,66;4,2;4,2;0,1572;0,401209734
383;0;3;0,74;0,64;0,57;0,43;9,51;1,65;0,6;0,82;0,82;0,7839;0,328981021
384;-1;2;0,55;0,74;0,46;0,19;9,54;4,67;0,75;2,97;2,97;0,1022;-0,01196872
385;1;4;0,64;0,63;0,48;0,73;9,56;3,62;0,63;0,51;0,51;0,3364;0,107348504
386;0;3;0,57;0,64;0,56;0,88;9,53;6,71;0,49;1,91;1,91;0,9351;0,148809592
387;3;5;0,83;0,59;0,74;1,13;6,5;-1,51;0,57;1,44;1,44;0,4568;-0,102153846
388;3;5;0,83;0,65;0,79;1,13;6,49;0,52;0,64;1,08;1,08;0,355;0,033490012
389;-1;2;0,42;0,66;0,4;0,35;9,51;4,69;0,68;42,58;42,58;0,2939;-0,254255803
390;1;4;0,61;0,53;0,48;0,31;8,42;0,56;0,59;0,23;0,23;0,7782;-0,199064796
391;3;5;0,85;0,62;0,63;0,84;5,5;5,58;0,7;0,031;0,031;4,51;-0,336082474
392;3;5;0,83;0,64;0,79;1,13;5,47;1,49;0,41;1,24;1,24;0,2283;-0,014866204
393;3;5;0,81;0,62;0,58;0,48;7,51;3,66;0,43;1,82;1,82;1,6;0,398230088
394;1;4;0,8;0,73;0,6;0,84;6,43;8,65;0,85;0,65;0,65;2,35;0,290762657
395;-1;2;0,59;0,56;0,45;0,3;9,54;4,69;0,72;1,38;1,38;0,2202;0,197616683
396;1;4;0,74;0,64;0,53;1,03;5,33;6,58;0,71;0,016;0,016;0,772;-0,034615408
397;0;3;0,72;0,76;0,54;0,48;7,57;5,73;0,7;0,88;0,88;0,2806;0,2736
398;1;4;0,72;0,64;0,62;0,42;3,29;4,62;0,76;0,94;0,94;0,1627;-0,151415675
399;1;4;0,72;0,59;0,55;0,35;8,43;1,54;0,48;1,61;1,61;1,11;-0,181455592
400;-1;2;0,6;0,52;0,45;0,16;9,52;-3,63;0,52;34,73;34,73;1,31;0,126060606
401;0;3;0,65;0,6;0,57;0,29;7,47;1,57;0,71;2,55;2,55;0,5545;-0,012467076
402;3;5;0,76;0,62;0,64;0,72;7,48;6,6;0,58;1,11;1,11;1,01;0,703528173
403;1;4;0,65;0,68;0,55;0,38;7,45;6,58;0,56;66,53;66,53;0,8133;0,179447853
404;0;3;0,69;0,74;0,56;0,22;8,45;0,58;0,78;3,73;3,73;1,29;1,042203147
405;1;4;0,73;0,7;0,62;0,46;5,42;6,65;0,45;0,52;0,52;0,6824;0,222462203
406;1;4;0,73;0,65;0,62;0,53;6,46;8,66;0,54;0,48;0,48;1,38;-0,01461039
407;1;4;0,66;0,55;0,57;-0,05;9,55;4,68;0,43;1,92;1,92;6,28;-0,442538593
408;3;5;0,76;0,78;0,57;0,92;8,44;4,56;0,62;1,97;1,97;0,9089;0,185
409;1;4;0,73;0,64;0,62;0,53;7,41;6,61;0,57;1,27;1,27;1,75;-0,201343769
410;0;3;0,63;0,63;0,57;0,39;7,43;3,6;0,77;6,5;6,5;1,73;-0,319954128
411;0;3;0,62;0,73;0,52;0,46;7,48;4,67;0,79;15,29;15,29;0,1958;-0,18606725
412;3;5;0,8;0,71;0,67;0,6;5,47;7,64;0,62;0,31;0,31;0,2176;-0,339305302
413;0;3;0,62;0,64;0,56;0,41;7,45;5,59;0,75;8,52;8,52;1,34;0,751710391
414;0;3;0,61;0,63;0,55;0,39;7,42;5,61;0,77;7,96;7,96;0,7904;0,342745593
415;0;3;0,63;0,72;0,5;0,39;9,49;4,68;0,74;3,08;3,08;0,1515;-0,138738739
416;1;4;0,74;0,73;0,46;0,87;7,49;3,74;0,69;3;3;0,3895;-0,322572038
417;0;3;0,75;0,61;0,53;0,73;9,78;6,73;0,68;2,11;2,11;3,45;0,22448891
418;3;5;0,81;0,63;0,78;1,13;6,51;-1,5;0,61;1,78;1,78;0,2482;-0,047866805
419;1;4;0,62;0,71;0,45;0,85;9,48;4,6;0,75;8,28;8,28;0,1804;-0,048686739
420;1;4;0,83;0,68;0,76;1,12;6,63;3,74;0,39;0,09;0,09;0,8112;-0,044247788
421;3;5;0,79;0,64;0,62;0,66;4,41;7,55;0,73;1,03;1,03;1,68;-0,162913907
422;3;5;0,84;0,75;0,65;1,4;5,61;6,56;0,66;64,64;64,64;1,51;-0,401785714
423;0;3;0,63;0,59;0,48;0,15;9,67;1,59;0,77;1,18;1,18;0,0644;0,399157966
424;3;5;0,84;0,63;0,69;0,38;7,47;0,49;0,56;3,12;3,12;3,18;0,713235294
425;0;3;0,61;0,6;0,56;0,35;7,47;1,6;0,68;1,55;1,55;0,5181;-0,325160082
426;0;3;0,62;0,69;0,51;0,3;9,54;2,7;0,79;1,52;1,52;0,4957;0,117962837
427;3;5;0,82;0,66;0,59;0,46;5,4;6,57;0,55;0,61;0,61;0,8286;0,106947697
428;0;3;0,61;0,57;0,54;0,14;7,66;2,67;0,72;5,91;5,91;0,2518;0,043956044
429;1;4;0,79;0,59;0,59;0,43;7,43;4,64;0,55;0,91;0,91;1,34;-0,273230881
430;1;4;0,72;0,61;0,53;0,77;8,42;2,53;0,58;2,22;2,22;4,56;0,135135135
431;1;4;0,74;0,62;0,56;0,34;9,44;2,48;0,68;2,28;2,28;1,11;0,22260274
432;0;3;0,66;0,56;0,46;0,28;7,42;3,55;0,74;0,32;0,32;0,1395;-0,08197483
433;3;5;0,85;0,8;0,77;1,13;5,55;1,61;0,36;1,71;1,71;0,1972;-0,059047619
434;1;4;0,74;0,67;0,6;1,18;3,4;8,68;0,77;;;0,2328;0,136150235
435;1;4;0,85;0,87;0,58;0,52;7,46;1,65;0,76;1,82;1,82;0,1422;0,015741339
436;3;5;0,83;0,73;0,69;0,67;7,53;7,64;0,7;0,09;0,09;1,32;0,226039827
437;1;4;0,71;0,6;0,55;0,39;9,53;2,61;0,74;2,7;2,7;0,2098;0,115843271
438;0;3;0,62;0,71;0,55;0,51;9,48;2,62;0,74;2,61;2,61;1,78;0,510115394
439;1;4;0,72;0,59;0,53;0,68;7,5;6,68;0,62;1,52;1,52;0,9071;-0,32748538
440;1;4;0,74;0,75;0,56;0,45;8,48;5,62;0,66;0,89;0,89;0,4042;-0,304415787
441;3;5;0,76;0,7;0,56;0,35;9,46;5,63;0,64;2;2;0,3803;0,086915888
442;1;4;0,7;0,68;0,55;0,59;7,48;-1,72;0,59;2,92;2,92;0,2319;-0,285051101
443;1;4;0,64;0,67;0,47;0,34;9,51;2,66;0,7;25,01;25,01;0,8724;-0,214285714
444;-1;2;0,56;0,54;0,47;0,28;9,52;4,66;0,51;1,42;1,42;0,5759;0,087958694
445;1;4;0,66;0,61;0,55;0,72;9,58;2,58;0,71;6,4;6,4;0,4329;0,259868421
446;3;5;0,83;0,63;0,74;1,51;5,56;-3,39;0,54;2227;2227;0,3968;-0,040816327
